company_name,cik
B COMMUNICATIONS LTD,1402606
3SBio Inc.,1383790
"51JOB, INC.",1295484
Ballard Power Systems Inc.,1453015
"A-Power Energy Generation Systems, Ltd.",1399233
ABB LTD,1091587
Santander UK plc,1087711
RBS Holdings N.V.,1038727
ACERGY S.A.,898685
ADVANCED SEMICONDUCTOR ENGINEERING INC,1122411
ADVANTAGE ENERGY INCOME FUND,1259995
ADVANTEST CORP,1158838
AEGEAN MARINE PETROLEUM NETWORK INC.,1344376
AEGON NV,769218
AGNICO EAGLE MINES LTD,2809
AGRIA CORP,1413257
AGRIUM INC,943003
AIRMEDIA GROUP INC.,1413745
AIXTRON AG,1089496
ALADDIN KNOWLEDGE SYSTEMS LTD,911364
ALBERTA STAR DEVELOPMENT CORP,1142462
ALCATEL LUCENT,886125
ALCON INC,1167379
ALDA Pharmaceuticals Corp.,1355736
ALEXCO RESOURCE CORP,1364128
ALIMENTATION COUCHE TARD INC,1081825
ALLIANZ SE,1127508
ALLIED IRISH BANKS PLC,850364
ALMADEN MINERALS LTD,1015647
ALTO PALERMO SA APSA,1128173
ALUMINA LTD,857071
ALUMINUM CORP OF CHINA LTD,1161611
ALVARION LTD,1108332
AMADOR GOLD CORP,1266833
AMARC RESOURCES LTD,1175596
AMARIN CORP PLC\UK,897448
AMDOCS LTD,1062579
AMERICA MOVIL SAB DE CV/,1129137
AMERICAN BEVERAGE CO AMBEV,1113172
Adira Energy Ltd.,1109504
ANDINA BOTTLING CO INC,925261
ANGLO SWISS RESOURCES INC,277910
ANGLOGOLD ASHANTI LTD,1067428
ANIMAS RESOURCES LTD,1423468
ANOORAQ RESOURCES CORP,1028277
APT SATELLITE HOLDINGS LTD,1027229
ARACRUZ CELLULOSE S A,883952
ARAUCO & CONSTITUTION PULP INC,1004156
ARC ENERGY TRUST,1029509
ARGOSY MINERALS INC,1047363
ARM HOLDINGS PLC,1057997
TORM A/S,1168351
ASAT HOLDINGS LTD,1102384
ASIA SATELLITE TELECOMMUNICATIONS HOLDINGS LTD,1015276
Gerova Financial Group Ltd,1407437
ASM INTERNATIONAL N V,351483
ASML HOLDING NV,937966
ASTRAZENECA PLC,901832
ATA Inc.,1420529
ATNA RESOURCES LTD,1041548
ATTUNITY LTD,893821
AU OPTRONICS CORP,1172494
AUDIOCODES LTD,1086434
AURIZON MINES LTD,913955
AUSTRAL PACIFIC ENERGY LTD,1041829
AVINO SILVER & GOLD MINES LTD,316888
AXA,898427
AXTEL SAB DE CV,1282636
"Acorn International, Inc.",1365742
"Actions Semiconductor Co., Ltd.",1342068
AerCap Holdings N.V.,1378789
Aeterna Zentaris Inc.,1113423
Allot Communications Ltd.,1365767
PANTHERA EXPLORATION INC.,1303180
American Bonanza Gold Corp.,1072019
ArcelorMittal,1243429
NewLead Holdings Ltd.,1322587
Augusta Resource CORP,1353123
Avago Technologies Finance Pte. Ltd.,1376403
B PLUS H OCEAN CARRIERS LTD,835540
BAJA MINING CORP.,1331092
BALATON POWER INC,1132704
"BANCO BILBAO VIZCAYA ARGENTARIA, S.A.",842180
Itau Unibanco Holding S.A.,1132597
BANCO SANTANDER CHILE,1027552
BANCOLOMBIA SA,1071371
BANK BRADESCO,1160330
BANK OF CHILE,1161125
BANK OF MONTREAL /CAN/,927971
BANK OF NOVA SCOTIA /,9631
"BANK OF TOKYO - MITSUBISHI UFJ, LTD",852743
BANRO CORP,1286597
BARCLAYS BANK PLC /ENG/,312070
BARCLAYS PLC,312069
BARRICK GOLD CORP,756894
BAYTEX ENERGY TRUST,1279495
BBVA BANCO FRANCES SA,913059
BCE INC,718940
BCM RESOURCES Corp,1422085
BELLUS Health Inc.,1259942
BHP BILLITON LTD,811809
BHP BILLITON PLC,1171264
BIOTECH HOLDINGS LTD,1018153
BIOVAIL CORP INTERNATIONAL,885590
BIRKS & MAYORS INC.,1179821
Alon Holdings Blue Square - Israel Ltd,1016837
BLUEPHOENIX SOLUTIONS LTD,1029581
BONSO ELECTRONICS INTERNATIONAL INC,846546
BONTAN CORP INC,1095435
BOS BETTER ONLINE SOLUTIONS LTD,1005516
BP PLC,313807
BRASIL TELECOM HOLDING CO,1066115
BRASIL TELECOM SA,1160846
BRASKEM SA,1071438
BRAZAURO RESOURCES CORP,908177
BRAZILIAN DISTRIBUTION CO COMPANHIA BRASILEIRA DE DISTR CBD,1038572
BRAZILIAN ELECTRIC POWER CO,1439124
BRILLIANCE CHINA AUTOMOTIVE HOLDINGS LTD,891765
BRITISH SKY BROADCASTING GROUP PLC,932789
BROOKFIELD ASSET MANAGEMENT INC.,1001085
BROOKFIELD PROPERTIES CORP,1085359
BT GROUP PLC,756620
BUENAVENTURA MINING CO INC,1013131
BUFFALO GOLD LTD,1090053
R.V.B. Holdings Ltd,1064411
Fly Leasing Ltd,1407298
"Baidu, Inc.",1329099
"Ballard Power Systems, Inc.",933777
"Banco Santander, S.A.",891478
RAINCHIEF ENERGY INC.,1369128
Brookfield Infrastructure Partners L.P.,1406234
CADBURY PUBLIC LTD CO,744473
CAE INC,1173382
CAMECO CORP,1009001
CAMPBELL RESOURCES INC /NEW/,718053
CAMTEK LTD,1109138
CANADIAN IMPERIAL BANK OF COMMERCE /CAN/,1045520
CANADIAN NATIONAL RAILWAY CO,16868
CANADIAN NATURAL RESOURCES LTD,1017413
CANADIAN PACIFIC RAILWAY CO/NEW,1166893
CANADIAN PACIFIC RAILWAY LTD/CN,16875
CANADIAN ZINC CORP,910569
CANALASKA URANIUM LTD,1023109
CANARC RESOURCE CORP,868822
CANON INC,16988
CANPLATS RESOURCES CORP,1156297
CANWEST MEDIA INC,1158672
CARDERO RESOURCE CORP.,1303936
CASCADES INC,1225525
CATALYST PAPER CORP,1144906
CDC CORP,1076770
CE FRANKLIN LTD,912151
CELESTICA INC,1030894
CEMEX SAB DE CV,1076378
CENTRAL FUND OF CANADA LTD,784959
CENTRAL SUN MINING INC.,1311967
CERAGON NETWORKS LTD,1119769
CGG VERITAS,1037962
CGI GROUP INC,1061574
CHAI NA TA CORP,889329
Globalfoundries Singapore PTE. LTD.,1095270
CHECK POINT SOFTWARE TECHNOLOGIES LTD,1015922
CHEMGENEX PHARMACEUTICALS LTD,1175965
CHEMICAL & MINING CO OF CHILE INC,909037
CHINA EASTERN AIRLINES CORP LTD,1030475
CHINA ENTERPRISES LTD,908256
CHINA LIFE INSURANCE CO LTD,1268896
CHINA MOBILE LTD /ADR/,1117795
CHINA NATURAL RESOURCES INC,793628
CHINA PETROLEUM & CHEMICAL CORP,1123658
CHINA SOUTHERN AIRLINES CO LTD,1041668
CHINA TECHNOLOGY DEVELOPMENT GROUP CORP,1027454
CHINA TELECOM CORP LTD,1191255
CHINA UNICOM (HONG KONG) Ltd,1113866
CHINA YUCHAI INTERNATIONAL LTD,932695
CHIPMOS TECHNOLOGIES BERMUDA LTD,1133478
CHUNGHWA TELECOM CO LTD,1132924
CIBT Education Group Inc.,1123870
CIMATRON LTD,1008595
CITY TELECOM (H.K.) LTD,1097086
CLAUDE RESOURCES INC,1173924
CLICKSOFTWARE TECHNOLOGIES LTD,1105841
CNH GLOBAL N V,1024519
CNINSURE INC.,1413855
CNOOC LTD,1095595
COCA COLA FEMSA SAB DE CV,910631
COCA-COLA HELLENIC BOTTLING CO SA,1190713
COMANCHE CLEAN ENERGY CORP,1396762
COMMTOUCH SOFTWARE LTD,1084577
COMPANHIA DE SANEAMENTO BASICO DO ESTADO DE SAO PAULO-SABESP,1170858
COMPTON PETROLEUM CORP,1043572
COMPUGEN LTD,1119774
CONCHA Y TORO WINERY INC,930543
CONSOLIDATED MERCANTILE INC,784012
CONTAX HOLDING CO,1332750
CONTINENTAL ENERGY Corp,852747
CONTINENTAL MINERALS CORP,782879
COPERNIC INC,839435
"CORAL GOLD RESOURCES, LTD.",813639
CORGI INTERNATIONAL LTD,1028637
CORPBANCA/FI,1276671
BLUE MARBLE MEDIA CORP.,1212787
CORUS ENTERTAINMENT INC,1100868
CPFL Energy INC,1300482
CREAM MINERALS LTD,1066130
CREATIVE TECHNOLOGY LTD,888295
CREDICORP LTD,1001290
CREDIT SUISSE AG,1053092
CREDIT SUISSE GROUP AG,1159510
CRESUD INC,1034957
CRH PUBLIC LTD CO,849395
CROSSHAIR EXPLORATION & MINING CORP,1287121
CROW TECHNOLOGIES 1977 LTD,770320
CRYPTOLOGIC LTD,1094036
CRYSTALLEX INTERNATIONAL CORP,912500
CTRIP COM INTERNATIONAL LTD,1269238
Canadian Satellite Radio Holdings Inc.,1354901
Canadian Solar Inc.,1375877
Capital Product Partners L.P.,1392326
Cardiome Pharma Corp,1036141
Cascal N.V.,1404675
Cellcom Israel Ltd.,1385145
Central GoldTrust,1364728
Central North Airport Group,1378239
Challenger Energy Corp,1364644
"China Cablecom Holdings, Ltd.",1416569
"China Digital TV Holding Co., Ltd.",1405503
China Distance Education Holdings LTD,1438644
China Finance Online Co. LTD,1297830
China GrenTech CORP LTD,1347510
China Mass Media Corp.,1439229
"China Medical Technologies, Inc.",1326059
China Nepstar Chain Drugstore Ltd.,1414850
"China Sunergy Co., Ltd.",1396247
China Techfaith Wireless Communication Technology LTD,1316317
ChinaEdu CORP,1411419
UIB Group Ltd,1363613
China TopReach Inc.,1363614
Vale S.A.,917851
"Copa Holdings, S.A.",1345105
Corriente Resources Inc.,1345564
Cosan Ltd.,1402902
DAIMLER AG,1067318
DEJOUR ENTERPRISES LTD,1323838
DELHAIZE GROUP,930309
DENISON MINES CORP.,1063259
DESCARTES SYSTEMS GROUP INC,1050140
DESWELL INDUSTRIES INC,946936
DEUTSCHE BANK AKTIENGESELLSCHAFT,1159508
DEUTSCHE TELEKOM AG,946770
"DHT Holdings, Inc.",1331284
DIAGEO PLC,835403
DIANA SHIPPING INC.,1318885
DISTRIBUTION & SERVICE D&S SA,1046247
DIVERSINET CORP,918387
DORATO RESOURCES INC,1126932
DR REDDYS LABORATORIES LTD,1135951
DRDGOLD LTD,1023512
DUNDEE CORP,897455
DryShips Inc.,1308858
E-HOUSE (CHINA) HOLDINGS LTD,1405658
ECOPETROL S.A.,1444406
ECTEL LTD,1096197
EDAP TMS SA,1041934
EDENOR,1395213
EKSPORTFINANS ASA,700978
ELAN CORP PLC,737572
ELBIT IMAGING LTD,1027662
ELBIT SYSTEMS LTD,1027664
ELBIT VISION SYSTEMS LTD,1011664
ELDORADO GOLD CORP /FI,918608
ELRON ELECTRONIC INDUSTRIES LTD /NY/,315126
ELTEK LTD,1024672
EMGOLD MINING CORP,1199392
EMPRESA NACIONAL DE ELECTRICIDAD S.A.,926864
ENBRIDGE INC,895728
ENCANA CORP,1157806
ENDEAVOUR SILVER CORP,1277866
ENERGY CO OF MINAS GERAIS,1157557
ENERGY CO OF PARANA,1041792
ENERPLUS RESOURCES FUND,1126874
ENERSIS S.A.,912505
ENI SPA,1002242
ENTERRA ENERGY TRUST,1116377
ENTOURAGE MINING LTD,1239672
ENTREE GOLD INC,1271554
ENVOY CAPITAL GROUP INC.,1031516
ERICSSON LM TELEPHONE CO,717826
ESPERANZA RESOURCES CORP,1261252
EURAND N.V.,1119745
EURO TECH HOLDINGS CO LTD,1026662
EUROSEAS LTD.,1341170
EXCEL MARITIME CARRIERS LTD,842294
EXETER RESOURCE CORP,1306900
EXFO INC.,1116284
EZCHIP SEMICONDUCTOR LTD,892534
Ellomay Capital Ltd.,946394
EMBRAER S.A.,1355444
Evotec AG,1412558
FAIRFAX FINANCIAL HOLDINGS LTD/ CAN,915191
FIRSTSERVICE CORP,913353
FLAMEL TECHNOLOGIES SA,1012477
FORMULA SYSTEMS (1985) LTD,1045986
FRANCE TELECOM /,1038143
FREEGOLD VENTURES LTD,1064052
FRONTEER GOLD INC,1271129
FRONTLINE LTD /,913290
FUNDTECH LTD,1054836
Focus Media Holding LTD,1330017
FMI HOLDINGS LTD.,1087477
FreeSeas Inc.,1325159
Fresenius Medical Care AG & Co. KGaA,1333141
"Fuwei Films (Holdings), Co. Ltd.",1381074
G WILLI FOOD INTERNATIONAL LTD,1030997
GAS TRANSPORTER OF THE SOUTH INC,931427
GDF SUEZ,1243443
GENETIC TECHNOLOGIES LTD,1166272
GERDAU AMERISTEEL CORP,1203748
GERDAU S.A.,1073404
GILAT SATELLITE NETWORKS LTD,897322
GIVEN IMAGING LTD,1126140
GLAXOSMITHKLINE PLC,1131399
GLOBAL SOURCES LTD /BERMUDA,1110650
GOLAR LNG LTD,1207179
GOLD FIELDS LTD,1172724
GOLD RESERVE INC,1072725
GOLDCORP INC,919239
GOLDEN GOLIATH RESOURCES LTD,1127307
GOVERNOR & CO OF THE BANK OF IRELAND,1022575
GPC BIOTECH AG,1117629
GRAND PEAK CAPITAL CORP.,781885
"GRAVITY Co., Ltd.",1313310
GREAT BASIN GOLD LTD,865492
GROUP SIMEC SA DE CV,887153
GRUMA SAB DE CV,1053947
GRUPO CASA SABA SA DE CV,906779
GRUPO FINANCIERO GALICIA SA,1114700
GRUPO RADIO CENTRO SAB DE CV,906526
"GRUPO TELEVISA, S.A.B.",912892
GRUPO TMM SAB,1163560
GUANGSHEN RAILWAY CO LTD,1012139
Gafisa S.A.,1389207
Gammon Gold Inc.,1078217
Genesis Lease LTD,1369824
Gentium S.p.A.,1314755
Giant Interactive Group Inc.,1415016
Gildan Activewear Inc.,1061894
"Global Ship Lease, Inc.",1430725
Gmarket Inc.,1365241
Gol Intelligent Airlines Inc.,1291733
Great Panther Silver LTD,1300050
Gushan Environmental Energy LTD,1419723
HARD CREEK NICKEL CORP,1336364
JAMES HARDIE INDUSTRIES SE,1159152
HARMONY GOLD MINING CO LTD,1023514
HARRY WINSTON DIAMOND CORP,841071
HARVEST ENERGY TRUST,1309799
HDFC BANK LTD,1144967
HEAD NV,1123455
HELLENIC TELECOMMUNICATIONS ORGANIZATION SA,1071170
HIGHWAY HOLDINGS LTD,1026785
HITACHI LTD,47710
"Hollysys Automation Technologies, Ltd.",1357450
HONDA MOTOR CO LTD,715153
HSBC HOLDINGS PLC,1089113
HUANENG POWER INTERNATIONAL INC,929058
HUSKY ENERGY INC,49279
HYDROGENICS CORP,1119985
Hadera Paper Ltd,5337
Helix BioPharma Corp,1305591
"Himax Technologies, Inc.",1342338
Home Inns & Hotels Management Inc.,1376972
Homeland Precious Metals Corp.,1289634
Homex Development Corp.,1293153
"Ku6 Media Co., Ltd",1294435
Hutchison Telecommunications International LTD,1293257
I CABLE COMMUNICATIONS LTD,1097020
IAMGOLD CORP,1203464
ICA CORP,885012
ICICI BANK LTD,1103838
ICON PLC  /ADR/,1060955
ICTS INTERNATIONAL N V,1010134
KOBEX MINERALS INC.,1102706
INDUSTRIAL DEVELOPMENT BANK OF ISRAEL LTD,50277
INFINEON TECHNOLOGIES AG,1107457
INFOSYS TECHNOLOGIES LTD,1067491
ING GROEP NV,1039765
InNexus Biotechnology Inc,1278730
INTERCONTINENTAL HOTELS GROUP PLC /NEW/,858446
INTERNATIONAL ROYALTY CORP,1362734
INTERNATIONAL TOWER HILL MINES LTD,1134115
INTERNET GOLD GOLDEN LINES LTD,1090159
INTERNET INITIATIVE JAPAN INC,1090633
INTEROIL CORP,1221715
INTERTAPE POLYMER GROUP INC,880224
IRSA INVESTMENTS & REPRESENTATIONS INC,933267
IVANHOE ENERGY INC,1106935
IVANHOE MINES LTD,1158041
IncrediMail Ltd.,1338940
Industrias Bachoco S.A.B. de C.V.,1044896
Inmarsat Finance II plc,1309689
Inmarsat Finance plc,1291396
Inmarsat Group LTD,1291398
Inmarsat Holdings LTD,1309690
Invitel Holdings A/S,1450598
Ituran Location & Control Ltd.,1337117
"JA Solar Holdings Co., Ltd.",1385598
JACADA LTD,1095747
JED OIL INC.,1258021
JINPAN INTERNATIONAL LTD,1053008
Jaguar Mining Inc,1333849
Journey Resources Corp.,1396368
KB Financial Group Inc.,1445930
KINGSWAY FINANCIAL SERVICES INC,1072627
KINROSS GOLD CORP,701818
KNIGHTSBRIDGE TANKERS LTD,1029145
KOLA MINING CORP.,1123267
KOMATSU LTD,56594
KONAMI CORP,1191141
KONGZHONG CORP,1285137
KONINKLIJKE PHILIPS ELECTRONICS NV,313216
KOREA ELECTRIC POWER CORP,887225
KT CORP,892450
KUBOTA CORP,109821
KYOCERA CORP,57083
Kabel Deutschland GmbH,1359736
Kabel Deutschland Vertrieb und Service GmbH & Co. KG,1359737
Keegan Resources Inc.,1377757
Kimber Resources Inc.,1294662
LABOPHARM INC,1284519
"FOREIGN TRADE BANK OF LATIN AMERICA, INC.",890541
"LDK Solar Co., Ltd.",1385424
LEADING BRANDS INC,884247
LEVON RESOURCES LTD.,764195
"LG Display Co., Ltd.",1290109
LIHIR GOLD LTD,1000300
LINKTONE LTD,1270532
LINUX GOLD CORP,1088158
LJ INTERNATIONAL INC,1046692
Lloyds Banking Group plc,1160106
LONGTOP FINANCIAL TECHNOLOGIES LTD,1412494
LORUS THERAPEUTICS INC,882361
LPBP INC,1132907
LUMENIS LTD,1004945
LUXOTTICA GROUP SPA,857471
Lan Airlines SA,1047716
LiveReel Media CORP,1168981
Lundin Mining CORP,1377085
MADECO S.A.,899296
MADISON MINERALS INC,1038621
MAG SILVER CORP,1230992
MAGAL SECURITY SYSTEMS LTD,896494
MAGIC SOFTWARE ENTERPRISES LTD,876779
MAGNA INTERNATIONAL INC,749098
MAHANAGAR TELEPHONE NIGAM LTD,1160262
MAKITA CORP,202467
MANULIFE FINANCIAL CORP,1086888
MASONITE INTERNATIONAL INC.,1383505
MAX RESOURCE CORP.,1116548
MAXCOM TELECOMMUNICATIONS INC,1113306
MDS INC.,1057698
MEDICURE INC,1133519
MEGAWEST ENERGY CORP.,1172298
MER TELEMANAGEMENT SOLUTIONS LTD,1025561
MERIDIAN CO LTD,1135174
METAL STORM LTD  /ADR/,1119775
METALINK LTD,1098462
METHANEX CORP,886977
METROGAS INC,931069
MEXICAN ECONOMIC DEVELOPMENT INC,1061736
MEXICAN PETROLEUM,932782
MI DEVELOPMENTS INC,1252509
MICROMEM TECHNOLOGIES INC,1085921
MIGENIX Inc.,915458
MILLAR WESTERN FOREST PRODUCTS LTD,1064408
MILLICOM INTERNATIONAL CELLULAR SA,912958
MINCO GOLD CORP,1020825
MIND CTI LTD,1119083
MINEFINDERS CORP LTD.,926479
MINERA ANDES INC /WA,1030219
MIRANDA GOLD CORP,942149
MITSUBISHI UFJ FINANCIAL GROUP INC,67088
MITSUI & CO LTD,67099
MIZUHO FINANCIAL GROUP INC,1335730
MOBILE TELESYSTEMS OJSC,1115837
Macro Bank Inc.,1347426
Magyar Telekom Plc.,1047564
Mechel OAO,1302362
Melco Crown Entertainment LTD,1381640
Mindray Medical International LTD,1373060
"MS&AD Insurance Group Holdings, Inc.",1431048
Mountain Province Diamonds Inc.,1004530
NAM TAI ELECTRONICS INC,829365
NATIONAL BANK OF GREECE SA,1096061
NATIONAL GRID PLC,1004315
NATIONAL STEEL CO,1049659
NATIONAL WESTMINSTER BANK PLC /ENG/,702162
NATUZZI S P A,900391
NEOVASC INC,1399708
NET SERVICOS DE COMUNICACAO S A,1024446
"NETEASE.COM, INC.",1110646
NEVADA GEOTHERMAL POWER INC,1177440
NEVSUN RESOURCES LTD,919991
NEWCASTLE RESOURCES LTD.,1205059
NEXEN INC,16873
NICE SYSTEMS LTD,1003935
NIDEC CORP,1158967
NINETOWNS INTERNET TECHNOLOGY GROUP CO LTD,1285735
NIPPON TELEGRAPH & TELEPHONE CORP,769594
NOAH EDUCATION HOLDINGS LTD.,1411825
NOKIA CORP,924613
NOMURA HOLDINGS INC,1163653
NORDIC AMERICAN TANKER SHIPPING LTD,1000177
NORTEL INVESTMENTS INC,877691
NORTH AMERICAN PALLADIUM LTD,887701
NORTHCORE TECHNOLOGIES INC.,1079171
NORTHERN DYNASTY MINERALS LTD,1164771
NOVA CHEMICALS CORP /NEW,922960
NOVA MEASURING INSTRUMENTS LTD,1109345
NOVAGOLD RESOURCES INC,1173420
NOVARTIS AG,1114448
NOVO NORDISK A S,353278
NOVOGEN LTD,1075880
NTT DOCOMO INC,1166141
NWT Uranium Corp.,1290982
NXP B.V.,1396945
NXT Energy Solutions Inc.,1009922
NYMOX PHARMACEUTICAL CORP,1018735
Navios Maritime Holdings Inc.,1333172
Navios Maritime Partners L.P.,1415921
Neptune Technologies & Bioressources Inc.,1401395
New Gold Inc. /FI,800166
New Oriental Education & Technology Group Inc.,1372920
Norsat International Inc.,748213
North American Energy Partners Inc.,1368519
Northgate Minerals CORP,72931
O2MICRO INTERNATIONAL LTD,1095348
OCEANFREIGHT INC.,1395593
OLYMPUS PACIFIC MINERALS INC,1164099
ON TRACK INNOVATIONS LTD,1021604
ONCOLYTICS BIOTECH INC,1129928
OPEN JOINT STOCK CO LONG DISTANCE & INTERNAT COMM ROSTELECOM,1054487
OPEN JOINT STOCK CO VIMPEL COMMUNICATIONS,1023977
OPTI CANADA INC,1177446
OPTIBASE LTD,1077618
ORBITAL CORP LTD,880419
ORBOTECH LTD,749037
ORCKIT COMMUNICATIONS LTD,1021620
OREZONE RESOURCES INC,1215546
ORIX CORP,1070304
OROMIN EXPLORATIONS LTD,1109141
"Oceanaut, Inc.",1364714
"Omega Navigation Enterprises, Inc.",1324915
Origin Agritech LTD,1321851
PACIFIC HARBOUR CAPITAL LTD,936801
PACIFIC NORTH WEST CAPITAL CORP /CN,1073238
PACIFIC RIM MINING CORP,1056512
PAN AMERICAN SILVER CORP,771992
PANASONIC Corp,63271
Perpetual Energy Inc.,1177293
PARAMOUNT RESOURCES LTD,1262767
PARTNER COMMUNICATIONS CO LTD,1096691
PATCH INTERNATIONAL INC/CN,1064481
PCL Employees Holdings Ltd.,1326107
PEACE ARCH ENTERTAINMENT GROUP INC,1038367
PEARSON PLC,938323
PEMEX FINANCE LTD,1096057
PENGROWTH ENERGY TRUST,1088166
PENN WEST ENERGY TRUST,1334388
BRF-BRASIL FOODS S.A.,1122491
PERUSAHAAN PERSEROAN PERSERO PT TELEKOMUNIKASI INDONESIA TBK,1001807
PETAQUILLA MINERALS LTD,947121
PETRO-CANADA,795615
PETROBRAS - PETROLEO BRASILEIRO SA,1119639
PETROBRAS ENERGIA PARTICIPACIONES SA,1099205
PETROBRAS INTERNATIONAL FINANCE CO,1163371
PETROCHINA CO LTD,1108329
PHILIPPINE LONG DISTANCE TELEPHONE CO,78150
PNI DIGITAL MEDIA INC,1036642
PLATINUM GROUP METALS LTD,1095052
PLAY LA INC.,1378553
POINTS INTERNATIONAL LTD,1204413
POLYMET MINING CORP,866028
WESTBRIDGE ENERGY Corp,1008112
PORTUGAL TELECOM SGPS SA,944747
POSCO,889132
POWERNOVA TECHNOLOGIES CORP,1281216
PRANA BIOTECHNOLOGY LTD,1131343
PRECISION DRILLING Corp,1013605
PROGEN PHARMACEUTICALS LTD,943502
PROVIDA PENSION FUND ADMINISTRATOR,931588
PROVIDENT ENERGY TRUST,1142229
PRUDENTIAL PLC,1116578
PT Indosat Tbk,929700
PURE NICKEL INC.,877019
Pacific Airport Group,1347557
Pacific Booker Minerals Inc.,1319150
Paragon Shipping Inc.,1401112
Patni Computer Systems LTD,1324503
Pediment Gold Corp.,1348909
"Perfect World Co., Ltd.",1403849
Petroflow Energy Ltd,1359154
Pharmaxis Ltd.,1301357
"Pixelplus Co., Ltd.",1331588
Pointer Telocation Ltd,920532
Portal Resources Ltd.,1326910
PreMD Inc.,1179083
QIAGEN NV,1015820
"QIAO XING UNIVERSAL RESOURCES, INC",1051846
QSOUND LABS INC,840518
QUARTZ MOUNTAIN RESOURCES LTD,811522
QUATERRA RESOURCES INC,1339688
QUEBECOR MEDIA INC,1156831
WORLD COLOR PRESS INC.,1003470
Sprott Resource Lending Corp.,832342
"Qiao Xing Mobile Communication Co., Ltd.",1386607
Qimonda AG,1369377
RADA ELECTRONIC INDUSTRIES LTD,761238
RADCOM LTD,1016838
RADVISION LTD,1105519
RADWARE LTD,1094366
RANDGOLD RESOURCES LTD,1175580
REDIFF COM INDIA LTD,1103783
REED ELSEVIER NV,929872
REED ELSEVIER PLC,929869
REG TECHNOLOGIES INC,925541
REPSOL YPF SA,847838
RESEARCH IN MOTION LTD,1070235
RESPONSE BIOMEDICAL CORP,806888
RETALIX LTD,1064060
RICHMONT MINES INC,1023996
RICOH CO LTD,317891
KISKA METALS CORP.,1135347
RIO TINTO LTD,887028
RIO TINTO PLC,863064
RIT TECHNOLOGIES LTD,1041844
RITCHIE BROS AUCTIONEERS INC,1046102
ROCHESTER RESOURCES LTD,1099957
ROCKWELL DIAMONDS INC.,1095847
ROGERS COMMUNICATIONS INC,733099
ROYAL BANK OF CANADA \,1000275
ROYAL BANK OF SCOTLAND GROUP PLC,844150
ROYAL STANDARD MINERALS INC,1027162
RRSat Global Communications Network Ltd.,1375829
RUBICON MINERALS CORP,1057791
RYANAIR HOLDINGS PLC,1038683
ReneSola Ltd,1417892
Rosetta Genomics Ltd.,1362959
Royal Dutch Shell plc,1306965
Rusoro Mining Ltd.,1450493
SADIA S.A.,1130968
"SAFE BULKERS, INC.",1434754
SAMEX MINING CORP,766504
SANOFI-AVENTIS,1121404
SAP AG,1000184
SAPIENS INTERNATIONAL CORP N V,885740
SAPPI LTD,1072483
SASOL LTD,314590
SATELITES MEXICANOS SA DE CV,1063131
SATYAM COMPUTER SERVICES LTD,1106056
SEABRIDGE GOLD INC,1231346
SEANERGY MARITIME CORP.,1390707
SEMICONDUCTOR MANUFACTURING INTERNATIONAL CORP,1267482
SHANDA INTERACTIVE ENTERTAINMENT LTD,1278308
SHAW COMMUNICATIONS INC,932872
SHINHAN FINANCIAL GROUP CO LTD,1263043
SIEMENS AKTIENGESELLSCHAFT,1135644
SIERRA WIRELESS INC,1111863
SIFY TECHNOLOGIES LTD,1094324
SIGNET JEWELERS LTD,832988
SILICOM LTD,916793
SILICONWARE PRECISION INDUSTRIES CO LTD,1111759
SILVER STANDARD RESOURCES INC,921638
SILVERCORP METALS INC,1340677
SINOPEC SHANGHAI PETROCHEMICAL CO LTD,908732
SINOVAC BIOTECH LTD,1084201
SK TELECOM CO LTD,1015650
SMITH & NEPHEW PLC,845982
SONY CORP,313838
SOUTHEAST AIRPORT GROUP,1123452
SPREADTRUM COMMUNICATIONS INC,1287950
STANTEC INC,1131383
STARFIELD RESOURCES INC,1074795
STARLIMS Technologies Ltd,1396278
STATOIL ASA,1140625
STATS CHIPPAC LTD.,1101873
STERLITE INDUSTRIES (INDIA) LTD,1370431
STEWART W P & CO LTD,750443
STMICROELECTRONICS NV,932787
STREAM COMMUNICATIONS NETWORK & MEDIA INC.,1125670
SUN LIFE FINANCIAL INC,1097362
SUNCOR ENERGY INC,311337
SWEDISH EXPORT CREDIT CORP /SWED/,352960
SYNGENTA AG,1123661
Samson Oil & Gas LTD,1404079
Scailex CORP Ltd.,315816
Scopus Video Networks Ltd.,1342575
Seanergy Maritime Holdings Corp.,1448397
Seaspan CORP,1332639
Seven Arts Pictures PLC,1408276
Shamir Optical Industry Ltd.,1317362
Ship Finance International LTD,1289877
Silicon Motion Technology CORP,1329394
Silver Wheaton Corp.,1323404
Simcere Pharmaceutical Group,1384360
Sims Metal Management Ltd,928366
"Solarfun Power Holdings Co., Ltd.",1371541
AutoChina International Ltd,1417370
Star Bulk Carriers Corp.,1386716
StealthGas Inc.,1328919
Strathmore Minerals Corp.,1310287
"Suntech Power Holdings Co., Ltd.",1342803
Syneron Medical Ltd.,1291361
TAG OIL LTD,912785
TAIWAN SEMICONDUCTOR MANUFACTURING CO LTD,1046179
TALISMAN ENERGY INC,201283
TAM S.A.,1353691
TANZANIAN ROYALTY EXPLORATION CORP,1173643
TARO PHARMACEUTICAL INDUSTRIES LTD,906338
TASEKO MINES LTD,878518
TAT TECHNOLOGIES LTD,808439
TATA COMMUNICATIONS LTD,1116134
TATA MOTORS LTD/FI,926042
TDK CORP,203383
TECK RESOURCES LTD,886986
TEEKAY TANKERS LTD.,1419945
TEFRON LTD,1044863
TELE NORTE LESTE PARTICIPACOES SA,1066113
TELECOM ARGENTINA SA,932470
TELECOM ITALIA S P A,948642
Telefonica Chile S.A.,863614
TELEFONICA OF ARGENTINA INC,914242
TELEFONICA S A,814052
TELEFONOS DE MEXICO S A B DE C V,866213
TELEMIG CELULAR PARTICIPACOES SA,1066118
TELESP HOLDING CO,1066119
TELKOM SA LTD,1214299
TELUS CORP,868675
TELVENT GIT S A,1257803
TENARIS SA,1190723
TEVA PHARMACEUTICAL INDUSTRIES LTD,818686
TEXTAINER GROUP HOLDINGS LTD,1413159
Technicolor,1080259
THOMSON REUTERS CORP /CAN/,1075124
THOMSON REUTERS PLC /ADR/,1056084
TIKCRO TECHNOLOGIES LTD,1117095
TIM PARTICIPACOES SA,1066116
TITAN TRADING ANALYTICS INC,1076639
TOMBSTONE EXPLORATION CORP,1072772
TOMKINS PLC,838877
TONGJITANG CHINESE MEDICINES CO,1386608
TOP IMAGE SYSTEMS LTD,1021991
TOP SHIPS INC.,1296484
TORONTO DOMINION BANK,947263
TOTAL SA,879764
TOWER SEMICONDUCTOR LTD,928876
TOYOTA MOTOR CORP/,1094517
TRANSALTA CORP,1144800
TRANSCANADA CORP,1232384
TRANSCANADA PIPELINES LTD,99070
TRANSGLOBE ENERGY CORP,736744
TTI TEAM TELECOM INTERNATIONAL LTD,1026266
TUMI RESOURCES LTD,1191832
TURKCELL ILETISIM HIZMETLERI A S,1071321
Teekay LNG Partners L.P.,1308106
"Telmex Internacional, S.A.B. de C.V.",1436223
Ternium S.A.,1342874
The9 LTD,1296774
Thompson Creek Metals CO Inc.,1415020
"Tongxin International, Ltd.",1422185
Tournigan Energy Ltd.,1271199
Trans-Orient Petroleum Ltd.,1007023
Transition Therapeutics Inc.,1399250
Trina Solar LTD,1382158
UBS AG,1114446
ULTRAPAR HOLDINGS INC,1094972
ULTRAPETROL BAHAMAS LTD,1062781
UNIBANCO HOLDINGS SA,1038584
UNIBANCO UNION OF BRAZILIAN BANKS SA,1038583
UNILENS VISION INC,852564
UNILEVER N V,110390
UNILEVER PLC,217410
UNITED BREWERIES CO INC,888746
UNITED MICROELECTRONICS CORP,1033767
UR-ENERGY INC,1375205
Unbridled Energy CORP,1343576
Ungava Mines Inc.,1041019
VALCENT PRODUCTS INC.,1122081
VASOGEN INC,1042018
VEOLIA ENVIRONNEMENT,1160110
VERMILION ENERGY INC.,1293135
VIDEOTRON LTEE,890746
VIRGINIA MINES INC,1020011
VISIONCHINA MEDIA INC.,1415911
VITRO SAB DE CV,880582
VOCALTEC COMMUNICATIONS LTD,1005699
VODAFONE GROUP PUBLIC LTD CO,839923
Fibria Celulose S.A.,1110649
VanceInfo Technologies Inc.,1417961
Vimicro International CORP,1341088
Visiphor CORP,1088393
Vivo Participacoes S.A.,1071337
Voltaire Ltd.,1401678
Vuance Ltd,1291855
WACOAL HOLDINGS CORP,104040
WAVECOM SA,1085763
WEBZEN INC,1266467
WESTERN WIND ENERGY CORP,1271131
WESTPAC BANKING CORP,719245
WESTPORT INNOVATIONS INC,1370416
WIMM BILL DANN FOODS OJSC,1166718
WIPRO LTD,1123799
WNS (HOLDINGS) LTD,1356570
WOORI FINANCE HOLDINGS CO LTD,1264136
WPP plc,806968
WSP Holdings LTD,1418225
Western Copper CORP,1364125
North American Nickel Inc.,795800
WuXi PharmaTech (Cayman) Inc.,1403132
XINHUA SPORTS & ENTERTAINMENT Ltd,1389476
XTL BIOPHARMACEUTICALS LTD,1023549
XYRATEX LTD,1284823
"Xinyuan Real Estate Co., Ltd.",1398453
YAMANA GOLD INC,1264089
YANZHOU COAL MINING CO LTD,1048098
YINGLI GREEN ENERGY HOLDING CO LTD,1394029
YM BIOSCIENCES INC,1178347
YPF SOCIEDAD ANONIMA,904851
Yucheng Technologies LTD,1356462
Yukon-Nevada Gold Corp.,1286799
ZARLINK SEMICONDUCTOR INC,352435
ZI CORP,922658
ZIM CORP,1124160
Kokomo Enterprises Inc.,825171
"eLong, Inc.",1290903
"eTelecare Global Solutions, Inc.",1377902
ABN AMRO BANK NV,897878
AEI,1387685
ALESTRA,1098504
RTN Stealth Software Inc.,1036140
HIP ENERGY Corp,1123839
BRITISH TELECOMMUNICATIONS PLC /ADR,820534
Biomass Secure Power Inc,1160164
CALEDONIA MINING CORP,766011
SONDE RESOURCES CORP.,1177470
CARTHEW BAY TECHNOLOGIES INC,1022518
CHINA HELI RESOURCE RENEWABLE Inc,1081823
"CHINA LINEN TEXTILE INDUSTRY, LTD",1336655
CITYVIEW CORP LTD /NEW/,1023130
COASTAL PACIFIC MINING CORP,1410181
CREATOR CAPITAL LTD,882537
CRH AMERICA INC,1143578
CSR PLC,1368358
Cell Kinetics Ltd,1407926
Changyou.com Ltd,1458696
"DJSP Enterprises, Inc.",1436612
Chemspec International Ltd,1463398
China Discovery Acquisition Corp.,1388374
China Fortune Acquisition Corp.,1376110
Clifton Star Resources Inc.,1428267
DEUTSCHE TELEKOM INTERNATIONAL FINANCE BV,1116355
DIAMANT ART CORP,810269
DITTYBASE TECHNOLOGIES INC.,1311170
"DOVE ENERGY, INC.",1446993
DYNAMOTIVE ENERGY SYSTEMS CORP,941625
Danaos Corp,1369241
EURASIA ENERGY LTD,1278465
FORUM NATIONAL INVESTMENTS LTD,1065579
GENOIL INC,1261002
GETTY COPPER INC,1052204
GIGAMEDIA LTD,1105101
GLOBAL CROSSING UK TELECOMMUNICATIONS LTD,1269527
GRAND TOYS INTERNATIONAL LTD,1285066
Gamecorp Ltd.,1040702
IESI-BFC Ltd,1318220
ISRAEL BANK OF AGRICULTURE LTD,52723
TERRA NOVA ROYALTY Corp,16859
LAS VEGAS FROM HOME COM ENTERTAINMENT INC,1061612
LINGO MEDIA CORP,1177167
NCL CORP Ltd.,1318742
North Asia Investment CORP,1420413
ORKO SILVER CORP,1357408
Petrobras Argentina S.A.,1449877
RADIUS GOLD INC.,1113260
Rouge Resources Ltd.,906361
SAND TECHNOLOGY INC,753050
SHARPE RESOURCES CORP,1024696
SINA CORP,1094005
STENA AB,1003517
SUN MEDIA CORP,1036648
TEEKAY CORP,911971
TELECOM CORP OF NEW ZEALAND LTD,875809
TERYL RESOURCES CORP,1109313
TRANSAKT LTD.,1263872
TRINITY BIOTECH PLC,888721
TRINTECH GROUP PLC,1094316
TSAKOS ENERGY NAVIGATION LTD,1166663
Teekay Offshore Partners L.P.,1382298
WEX PHARMACEUTICALS INC.,1060012
WORLD VENTURES INC,861398
eFuture Information Technology Inc.,1329365
ADVANTAGE OIL & GAS LTD.,1468079
ALPHA GOLD CORP,1157807
RUSH METALS CORP,1301574
ASIA PACIFIC WIRE & CABLE CORP LTD,1026980
Anheuser-Busch InBev S.A.,1140467
BBV Vietnam S.E.A. Acquisition Corp.,1415586
CDC Software CORP,1415841
CRUCELL NV,1126136
China Networks International Holdings Ltd,1443979
DUOYUAN GLOBAL WATER INC.,1465317
Eagleford Energy Inc.,1463000
Giant Oil & Gas Inc.,1327926
China Gerui Advanced Materials Group Ltd,1449801
"SGOCO Technology, Ltd.",1412095
IWI HOLDING LTD,923168
LINCOLN GOLD CORP,1080535
MITEL NETWORKS CORP,1170534
CHINA METRO-RURAL HOLDINGS Ltd,1468944
NIOGOLD MINING CORP.,1398827
COUGAR OIL & GAS CANADA INC.,1427645
Pampa Energy Inc.,1469395
Power Oil & Gas Inc,1375476
"STRATA OIL & GAS, INC.",1227282
Telesat Canada,1465126
UNITED BANCORP INC /MI/,775345
VIOSOLAR INC.,1302401
ZHAOHENG HYDROPOWER Ltd,744695
"ADAMS RESOURCES & ENERGY, INC.",2178
ALGONQUIN POWER & UTILITIES CORP.,1174169
AVIVA PLC,1140022
Banco Santander (Brasil) S.A.,1471055
CENOVUS ENERGY INC.,1475260
Wowjoint Holdings Ltd,1429360
CNC Development Ltd.,1442508
Asia Entertainment & Resources Ltd.,1417754
"China Ceramics Co., Ltd",1470683
China Cord Blood Corp,1467808
China Real Estate Information Corp,1472353
DRAGONWAVE INC,1178946
Exceed Co Ltd.,1396016
Funtalk China Holdings Ltd,1444677
GLG LIFE TECH CORP,1406635
GLOBAL-TECH ADVANCED INNOVATIONS INC.,1057708
GSME Acquisition Partners I,1433309
IntelliPharmaCeutics International Inc.,1474835
MERRILL LYNCH CANADA INC,1143718
"NIPPONKOA Insurance Company, Ltd.",1458206
Navios Maritime Acquisition CORP,1437260
PANOSHAN,1301369
RADVIEW SOFTWARE LTD,1114999
RBS Capital Funding LLC V,1245016
RBS Capital Funding LLC VI,1245018
RBS Capital Funding LLC VII,1245019
RBS Capital Funding Trust V,1245005
RBS Capital Funding Trust VI,1245007
RBS Capital Funding Trust VII,1245008
"NKSJ Holdings, Inc.",1458205
Statoil Petroleum AS,1460411
QWICK MEDIA INC.,1128790
VIRYANET LTD,1119744
7 Days Group Holdings LTD,1434220
BAAN CO N V,944624
CALPETRO TANKERS (BAHAMAS III) LTD,923656
CLEARLY CANADIAN BEVERAGE CORP,808464
CRUDE CARRIERS CORP.,1481055
China Hydroelectric Corp,1477156
China Nuokang Bio-Pharmaceutical Inc.,1474952
Concord Medical Services Holdings Ltd,1472072
Deutsche Bank Contingent Capital LLC V,1433611
Deutsche Bank Contingent Capital Trust V,1433609
Edge Resources Inc.,1408986
GLOBETECH VENTURES CORP,947994
IFM Investments Ltd,1477324
"MARK ONE GLOBAL INDUSTRIES, INC.",1000791
"NIPPON MINING HOLDINGS, INC.",1264192
"JX Holdings, Inc.",1452922
Pansoft CO LTD,1430452
RARE ELEMENT RESOURCES LTD,1419806
ROYAL BANK OF SCOTLAND PLC,729153
Scorpio Tankers Inc.,1483934
Shanda Games Ltd,1470157
Shell International Finance B.V.,1333621
Sprott Physical Gold Trust,1477049
ALPHA & OMEGA SEMICONDUCTOR Ltd,1387467
Cash Store Financial Services Inc.,1490658
Charm Communications Inc.,1485487
"China Lodging Group, Ltd",1483994
DRAGON JADE INTERNATIONAL LTD,1456787
Dollarama Group Holdings L.P.,1401140
EQUAL ENERGY LTD.,1492832
Gibson Energy ULC,1483741
Grifols SA,1438569
"JinkoSolar Holding Co., Ltd.",1481513
Kingtone Wirelessinfo Solution Holding Ltd,1487839
OXFORD INVESTMENTS HOLDINGS INC,1145703
PREMIER HOLDING CORP.,1030916
SEADRILL LTD,1351413
VimpelCom Ltd.,1468091
AllShips Ltd.,1083725
AutoNavi Holdings Ltd,1489895
BERKELEY TECHNOLOGY LTD,891377
BMB MUNAI INC,924805
Brigus Gold Corp.,938113
CHINA NEW BORUN Corp,1490366
Camelot Information Systems Inc.,1487295
D. MEDICAL INDUSTRIES LTD.,1487525
Genterra Capital Inc.,1494706
HARVEST OPERATIONS CORP.,1309798
HiSoft Technology International Ltd,1493639
MakeMyTrip Ltd,1495153
NXP Semiconductors N.V.,1413447
Nova Scotia Power Inc,1496154
QMI Seismic Inc.,1490917
SMART Technologies Inc.,1489147
Searchmedia Holdings Ltd,1460329
TOTAL CAPITAL CANADA LTD.,1497940
ALL AMERICAN GROUP INC,21212
ALLIED GOLD LTD,843296
Ambow Education Holding Ltd.,1494558
Australia Acquisition Corp,1499593
Avalon Rare Metals Inc.,1362898
BEARD CO /OK,909992
Bridgeport Ventures Inc.,1488533
CHINA MING YANG WIND POWER GROUP LTD,1500689
Cazador Acquisition Corp Ltd.,1499961
"China Dredging Group Co., Ltd.",1447976
China Everhealth Corp,1483056
China Kanghui Holdings,1495660
ChinaCache International Holdings Ltd.,1498576
"Chuo Mitsui Trust Holdings, Inc.",1475365
Comamtech Inc.,1505611
Costamare Inc.,1503584
"Country Style Cooking Restaurant Chain Co., Ltd.",1499934
DAQO NEW ENERGY CORP.,1477641
Diana Containerships Inc.,1481241
Elster Group SE,1492261
FIRST MAJESTIC SILVER CORP,1308648
FlatWorld Acquisition Corp.,1499573
GLOBUS MARITIME LTD,1499780
GOLDEN STATE PETRO IOM I A PLC,1038460
GOLDEN STATE PETRO IOM I B PLC,1038461
Global Education & Technology Group Ltd,1500108
HudBay Minerals Inc.,1322422
IMRIS Inc.,1489161
Invesco Ltd.,914208
Le Gaga Holdings Ltd,1499506
Mecox Lane Ltd,1501775
NERIUM BIOTECHNOLOGY INC,1429040
Noah Holdings Ltd,1499543
Ossen Innovation Co. Ltd.,1485538
PROMOTORA DE INFORMACIONES SA /FI,1159513
"SUMITOMO MITSUI FINANCIAL GROUP, INC.",1022837
ShangPharma Corp,1499470
SodaStream International Ltd.,1502916
SouFun Holdings Ltd,1294404
Sprott Physical Silver Trust,1494728
TEKMIRA PHARMACEUTICALS CORP,1447028
Xueda Education Group,1499619
